{
  "forwardMatrix": [
    [
      0.742300,
      0.182200,
      0.039800
    ],
    [
      0.195900,
      1.019100,
      -0.215000
    ],
    [
      -0.042900,
      -0.470300,
      1.338300
    ]
  ],
  "linearDngCorrection": [1.172108, 1.224515, 1.476662]
}
