{
  "forwardMatrix": [
    [
      0.705500,
      0.149200,
      0.109600
    ],
    [
      0.279800,
      0.832600,
      -0.112300
    ],
    [
      0.032100,
      -0.252100,
      1.045100
    ]
  ],
  "linearDngCorrection": [0.587866, 0.755000, 0.909844]
}
