{
  "colorMatrix": [
    [
      1.0752,
      -0.3061,
      -0.1447
    ],
    [
      -0.3238,
      1.215,
      0.1179
    ],
    [
      -0.0918,
      0.2166,
      0.4269
    ]
  ],
  "forwardMatrix": [
    [
      0.6508,
      0.1769,
      0.1366
    ],
    [
      0.1649,
      0.9176,
      -0.0825
    ],
    [
      0.0419,
      -0.3967,
      1.1799
    ]
  ],
  "linearDngCorrection": [1.252487, 1.562774, 1.885177]
}